Supply Shed,County,State,FIPS
Loudon,Noble,Indiana,18113
Sagamore,Marshall,Indiana,18099
Loudon,Grundy,Illinois,17063
Sagamore,Starke,Indiana,18149
Loudon,Whitley,Indiana,18183
Lafayette,Jasper,Indiana,18073
Loudon,Allen,Indiana,18003
Lafayette,Newton,Indiana,18111
Sagamore,Fulton,Indiana,18049
Sagamore,Pulaski,Indiana,18131
Loudon,Livingston,Illinois,17105
Loudon,Wabash,Indiana,18169
Loudon,Huntington,Indiana,18069
Lafayette,Iroquois,Illinois,17075
Loudon,Miami,Indiana,18103
Loudon,Wells,Indiana,18179
Loudon,Cass,Indiana,18017
Sagamore,White,Indiana,18181
Decatur,McLean,Illinois,17113
Sagamore,Carroll,Indiana,18015
Sagamore,Benton,Indiana,18007
Loudon,Grant,Indiana,18053
Loudon,Blackford,Indiana,18009
Loudon,Howard,Indiana,18067
Sagamore,Tippecanoe,Indiana,18157
Sagamore,Warren,Indiana,18171
Sagamore,Clinton,Indiana,18023
Loudon,Tipton,Indiana,18159
Decatur,Champaign,Illinois,17019
Loudon,Madison,Indiana,18095
Loudon,Delaware,Indiana,18035
Lafayette,Fountain,Indiana,18045
Decatur,Logan,Illinois,17107
Decatur,Piatt,Illinois,17147
Decatur,De Witt,Illinois,17039
Loudon,Hamilton,Indiana,18057
Lafayette,Montgomery,Indiana,18107
Sagamore,Boone,Indiana,18011
Decatur,Macon,Illinois,17115
Decatur,Sangamon,Illinois,17167
Lafayette,Parke,Indiana,18121
Sagamore,Hendricks,Indiana,18063
Lafayette,Douglas,Illinois,17041
Lafayette,Putnam,Indiana,18133
Decatur,Christian,Illinois,17021
Decatur,Moultrie,Illinois,17139
Loudon,Union,Indiana,18161
Decatur,Shelby,Illinois,17173
Lafayette,Clay,Indiana,18021
Loudon,Franklin,Indiana,18047
Lafayette,Owen,Indiana,18119
Loudon,Decatur,Indiana,18031
Loudon,Bartholomew,Indiana,18005
Loudon,Sullivan,Indiana,18153
Loudon,Jennings,Indiana,18079
Loudon,Jackson,Indiana,18071
Loudon,Lawrence,Indiana,18093
Loudon,Jefferson,Indiana,18077
Loudon,Knox,Indiana,18083
Loudon,Martin,Indiana,18101
Loudon,Daviess,Indiana,18027
Loudon,Scott,Indiana,18143
Loudon,Washington,Indiana,18175
Loudon,Orange,Indiana,18117
Loudon,Wayne,Illinois,17191
Loudon,Clark,Indiana,18019
Loudon,Edwards,Illinois,17047
Loudon,Wabash,Illinois,17185
Loudon,Pike,Indiana,18125
Loudon,Gibson,Indiana,18051
Loudon,Dubois,Indiana,18037
Loudon,Crawford,Indiana,18025
Loudon,Harrison,Indiana,18061
Loudon,Perry,Indiana,18123
Loudon,Warrick,Indiana,18173
Loudon,Spencer,Indiana,18147
Loudon,Vanderburgh,Indiana,18163
Sagamore,St. Joseph,Indiana,18141
Decatur,Ford,Illinois,17053
Decatur,Tazewell,Illinois,17179
Decatur,Kankakee,Illinois,17091
Decatur,McDonough,Illinois,17109
Decatur,Fulton,Illinois,17057